Service,Total_Revenue,Total_Treatments,Transaction_Count,RPT,Segment
Platinum - Flexi Budget Values,8500.0,1.0,1,8500.0,Premium (>800)
GOLD Flexi Budget Values,12000.0,2.0,2,6000.0,Premium (>800)
Stem Cell Growth Factor Elixir ( X10) RM 1.8K EACH,12000.0,2.0,2,6000.0,Premium (>800)
SLIMMING X 20,4098.0,1.0,1,4098.0,Premium (>800)
GLOW WITH PRIDE PROMO,3100.0,1.0,1,3100.0,Premium (>800)
STEM CELL GF+,6000.0,2.0,2,3000.0,Premium (>800)
1st TRIAL Stem Cell Growth Factor Elixir NP RM 3800,2800.0,1.0,1,2800.0,Premium (>800)
EMPulseX (EMS),1894.0,1.0,1,1894.0,Premium (>800)
HIFU ,5683.0,6.0,5,947.1666666666666,Premium (>800)
Stem Cell GF+ (Staff) ,1800.0,2.0,2,900.0,Premium (>800)
FACIAL PACKAGES X 6,1976.0,3.0,3,658.6666666666666,Mid-tier (300-800)
 FACIAL PKG X 3,2064.0,4.0,4,516.0,Mid-tier (300-800)
Package A -  Comprehensive Blood Test,1464.45,3.0,3,488.15000000000003,Mid-tier (300-800)
THERAPAUTIC FACIAL + HIFU (CNY/Valentine’s PROMO),7968.0,17.0,16,468.70588235294116,Mid-tier (300-800)
THERAPAUTIC WELLNESS FACIAL PACKAGE ( 10+1),4560.0,10.0,1,456.0,Mid-tier (300-800)
HIFU,1799.0,4.0,2,449.75,Mid-tier (300-800)
FLEXI PACKAGE ,14900.0,35.0,16,425.7142857142857,Mid-tier (300-800)
Skin Luxe Treatment – 3D Gold Caviar Peptide Firming with machine,3400.0,8.0,6,425.0,Mid-tier (300-800)
Picojoie Laser Treatment with essential post care ( Doucle Mask ),2420.0,6.0,4,403.3333333333333,Mid-tier (300-800)
THERAPEUTIC WELLNESS FACIAL ,15784.0,41.0,32,384.9756097560976,Mid-tier (300-800)
Screening and Consultations,760.0,2.0,2,380.0,Mid-tier (300-800)
Classic Biovegetal Relaxing Facial Treatment,380.0,1.0,1,380.0,Mid-tier (300-800)
THERAPAUTIC WELLNESS,2648.0,7.0,7,378.2857142857143,Mid-tier (300-800)
Skin Luxe Treatment – Rose Rutin Peptide Brightening with machine,680.0,2.0,2,340.0,Mid-tier (300-800)
PREMIUM BODY DE-FAT MESO,3400.0,11.0,6,309.09090909090907,Mid-tier (300-800)
Picojoie Laser Rejuvenation Treatment ,2450.0,8.0,8,306.25,Mid-tier (300-800)
Classic Biovegetal Relaxing Facial Treatment with Machine,1820.0,6.0,6,303.3333333333333,Mid-tier (300-800)
GlacialContour Non Surgical Fat Freeze,3018.0,10.0,7,301.8,Mid-tier (300-800)
Anti-Blue Light Facial,2100.0,7.0,7,300.0,Entry-level (<300)
CASH VOUCHER,300.0,1.0,1,300.0,Entry-level (<300)
CO2 LASER FACE -FIRST TRAIL ,1192.0,4.0,4,298.0,Entry-level (<300)
CO2 LASER FACE ,596.0,2.0,2,298.0,Entry-level (<300)
Classic Vitamin Hydration Facial Treatment with Machine,68788.0,232.0,95,296.5,Entry-level (<300)
Selective Part Body Fat/ Shape Treatment,1740.0,6.0,1,290.0,Entry-level (<300)
Pigmentation,288.0,1.0,1,288.0,Entry-level (<300)
Permanent Fat Loss,288.0,1.0,1,288.0,Entry-level (<300)
Muscle Gain Treatment,288.0,1.0,1,288.0,Entry-level (<300)
CLASSIC WELLNESS FACIAL + HIFU,2016.0,7.0,3,288.0,Entry-level (<300)
Hydration & Immune Therapy – H I T,280.0,1.0,1,280.0,Entry-level (<300)
Hydration & Immune Therapy – H I T Treatment with Machine,17860.0,64.0,29,279.0625,Entry-level (<300)
FACIAL PACKAGES X 8,14504.0,52.0,10,278.9230769230769,Entry-level (<300)
Classic Absolute Firming Facial Treatment with Machine,26956.0,97.0,38,277.89690721649487,Entry-level (<300)
"FACIAL ACUPRESSURE POINTS , GUA SHA ON MERIDIAN POINT",250.0,1.0,1,250.0,Entry-level (<300)
Super Oxygen Skin Fitness Facial Treatment,5499.0,23.0,18,239.08695652173913,Entry-level (<300)
OXY PICO,39823.6,171.0,81,232.88654970760234,Entry-level (<300)
Classic Intensive Clarifying Facial Treatment With Machine,7431.0,32.0,15,232.21875,Entry-level (<300)
Super Oxygen Skin Fitness Facial Treatment with machine,28352.0,123.0,56,230.5040650406504,Entry-level (<300)
CLASSIC WELLNESS FACIAL,43218.0,190.0,157,227.46315789473684,Entry-level (<300)
Classic Intensive Clarifying Facial Treatment,2260.0,10.0,10,226.0,Entry-level (<300)
MEDI AESTHETIC ( WHOLE BODY SLIMMING),1800.0,8.0,7,225.0,Entry-level (<300)
2K+3K GRAND OPENING ,16588.0,77.0,10,215.42857142857142,Entry-level (<300)
I-Oxypico ,47585.5,225.0,149,211.4911111111111,Entry-level (<300)
Jubilation Skin Fitness Facial Treatment with machine,2320.0,11.0,7,210.9090909090909,Entry-level (<300)
HIFU FACE LIFTING & CONTOURING -FIRST TRAIL ,199.0,1.0,1,199.0,Entry-level (<300)
DPL BB FACE REJUVENATION -FIRST TRIAL ,995.0,5.0,5,199.0,Entry-level (<300)
OXY - PICO ,198.0,1.0,1,198.0,Entry-level (<300)
BACK CIAL,1188.0,6.0,1,198.0,Entry-level (<300)
Eye Treatment  ( THERAPAUTIC),4070.0,21.0,7,193.8095238095238,Entry-level (<300)
1ST TRIAL THERAPEUTIC EYE TREATMENT ,4226.0,22.0,13,192.0909090909091,Entry-level (<300)
"SOOTHING QI, BLOOD & MUSCLE CUPPING",380.0,2.0,2,190.0,Entry-level (<300)
HIFU 1ST TRIAL,17227.0,91.0,85,189.30769230769232,Entry-level (<300)
Classic Fair Skin Facial Treatment with Machine,7552.57,40.0,18,188.81425,Entry-level (<300)
COSMETIC SWISS FACIAL ,1880.0,10.0,1,188.0,Entry-level (<300)
Facial + Guasa+ Bo Jin,376.0,2.0,2,188.0,Entry-level (<300)
SLIMMING (TCM),564.0,3.0,3,188.0,Entry-level (<300)
TOXIC BLOOD DETOXIFICATION,740.0,4.0,3,185.0,Entry-level (<300)
Bring Back Your Honeymoon Moments ( TCM),900.0,5.0,1,180.0,Entry-level (<300)
CLASSIC EYE TREATMENT,1800.0,10.0,1,180.0,Entry-level (<300)
Jubilation Skin Fitness Facial Treatment,1080.0,6.0,6,180.0,Entry-level (<300)
Eye-Classic Treatment (Fine Lines / Wrinkles) with machine,11430.0,66.0,30,173.1818181818182,Entry-level (<300)
Eye-Classi+B19:J20c Treatment (Dark Circles / Bags) with Machine,857.0,5.0,5,171.4,Entry-level (<300)
Acupuncture Treatment ,22150.0,131.0,41,169.08396946564886,Entry-level (<300)
Stress Release Body Massage 90mins,1760.0,11.0,2,160.0,Entry-level (<300)
HARMONIE DELUXE ,15816.4,99.0,47,159.76161616161616,Entry-level (<300)
FACIAL PACKAGES X3,1376.0,9.0,9,152.88888888888889,Entry-level (<300)
Mummy Pouch Flabby Muscle,762.0,5.0,5,152.4,Entry-level (<300)
Deep Skin Detoxication with Tri- Machine,3558.0,24.0,13,148.25,Entry-level (<300)
Cosmetic Accupunture ,4584.0,31.0,28,147.8709677419355,Entry-level (<300)
Accupunture,14990.0,103.0,43,145.53398058252426,Entry-level (<300)
Picojoie Laser,86152.0,597.0,293,144.30820770519264,Entry-level (<300)
MOTHER'S DAY PROMO,864.0,6.0,4,144.0,Entry-level (<300)
Hormonal Inbalance ( TCM),287.0,2.0,2,143.5,Entry-level (<300)
DELUXE EYE CONTOUR TREATMENT,8226.0,58.0,18,141.82758620689654,Entry-level (<300)
BODYFIT ACCUPUNCTURE,564.0,4.0,4,141.0,Entry-level (<300)
ExpreSculpt Deep Muscle Toning,81867.6,583.0,226,140.42469982847342,Entry-level (<300)
Essential Manual Facial ,1388.0,10.0,5,138.8,Entry-level (<300)
Picojoie Laser Anti Blue Light Therapy,3872.0,28.0,16,138.28571428571428,Entry-level (<300)
CLASSIC / NATURAL EYELASHES,138.0,1.0,1,138.0,Entry-level (<300)
FACE LIFT GUA SHA,1650.0,12.0,3,137.5,Entry-level (<300)
Classic Vitamin Hydration Facial Treatment,3628.0,27.0,15,134.37037037037038,Entry-level (<300)
HARMONY GUASHA FIRST TRIAL,3314.44,25.0,23,132.5776,Entry-level (<300)
DPL SHRS ARMPITS -FIRST TRAIL ,129.0,1.0,1,129.0,Entry-level (<300)
SLIMMING X45 ,14500.0,113.0,96,128.31858407079645,Entry-level (<300)
EAR MOXIBUSTION & EAR CANDLING,240.0,2.0,2,120.0,Entry-level (<300)
1st TRIAL SLIMMING,684.0,6.0,5,114.0,Entry-level (<300)
Classic Fair Skin Facial Treatment,1818.0,16.0,13,113.625,Entry-level (<300)
SLIMMING X 30,3200.0,30.0,25,106.66666666666667,Entry-level (<300)
Harmonie de Luxe Facial,1593.44,15.0,5,106.22933333333334,Entry-level (<300)
Classic Absolute Firming Facial Treatment,1139.0,11.0,11,103.54545454545455,Entry-level (<300)
BODY SLIMMING ACUPUNCTURE ( PARTLY ),2438.0,24.0,7,101.58333333333333,Entry-level (<300)
DOC2SKIN 1st TRIAL PROMO,100.0,1.0,1,100.0,Entry-level (<300)
STRESS AWAY FACIAL ,13068.0,132.0,36,99.0,Entry-level (<300)
HORMONAL INBALANCE,297.0,3.0,2,99.0,Entry-level (<300)
Neck-Classic Treatment,198.0,2.0,2,99.0,Entry-level (<300)
DPL SHRS LIPS ,99.0,1.0,1,99.0,Entry-level (<300)
BODY GUASA,1080.0,11.0,6,98.18181818181819,Entry-level (<300)
CHRISMAS FLEXI PACKAGE,4480.0,46.0,30,97.3913043478261,Entry-level (<300)
Essential Post Care Treatment with machine,280.0,3.0,3,93.33333333333333,Entry-level (<300)
1st Trial Picojoie Laser,2465.0,29.0,28,85.0,Entry-level (<300)
Unlimited Body Slimming Sessions,63104.6,748.0,618,84.36443850267379,Entry-level (<300)
PDT Light Treatment,80.0,1.0,1,80.0,Entry-level (<300)
Slimming Treatment x 15  @1299 ,26279.0,351.0,64,74.86894586894587,Entry-level (<300)
BEAUBELLE FACIAL GUASA,1453.0,20.0,11,72.65,Entry-level (<300)
Foot SPA with Pedicure,144.0,2.0,2,72.0,Entry-level (<300)
WELLNESS CUPPING,5320.0,76.0,25,70.0,Entry-level (<300)
INSTANT FACELIFT,3808.0,56.0,20,68.0,Entry-level (<300)
TOP UP ,135.0,2.0,2,67.5,Entry-level (<300)
Machine/ Oxy Spray ( Add on),130.0,2.0,2,65.0,Entry-level (<300)
PICO LASER LIPS,2736.0,48.0,8,57.0,Entry-level (<300)
Lip Pico laser Treatment,114.0,2.0,1,57.0,Entry-level (<300)
EYE BROWN SHAPPING ,90.0,3.0,3,30.0,Entry-level (<300)
EYE WASH,750.0,26.0,8,28.846153846153847,Entry-level (<300)
SKIN TAG REMOVAL,1220.0,57.0,9,21.403508771929825,Entry-level (<300)
Aroma Warm Oil Body Massage 90mins,0.0,1.0,1,0.0,Entry-level (<300)
MEDI AESTHETIC ( SNOW WHITE),0.0,4.0,4,0.0,Entry-level (<300)
Hand SPA,0.0,1.0,1,0.0,Entry-level (<300)
Hand SPA with Manicure,0.0,1.0,1,0.0,Entry-level (<300)
Wellness Consultation,0.0,1.0,1,0.0,Entry-level (<300)
