#,Code,Name,Section,Category,Processing Time,Published,Cost (MYR),Price (MYR),Lowest Price (MYR),Commission Type,Service Commission Type
1,11.11 Opening Anti-Blue,Anti-Blue Light Facial,FACIAL,,0,Yes,0.0,300.0,0.0,Facial,Facial
2,11.11 Opening Fat Loss,Permanent Fat Loss,SLIMMING,Body Slimming,0,Yes,0.0,288.0,0.0,Slimming,Slimming
3,11.11 Opening Muscle Gain,Muscle Gain Treatment,SLIMMING,,0,Yes,0.0,288.0,0.0,Slimming,Slimming
4,11.11 Opening Pigmentation,Pigmentation,FACIAL,Face Treatment,0,Yes,0.0,288.0,0.0,Facial,Facial
5,11.11 Sales,1st Trial Picojoie Laser,FACIAL,Face Treatment,0,Yes,0.0,99.0,0.0,Facial,Facial
6,11.11 Sales Slimming,Mummy Pouch Flabby Muscle,SLIMMING,Body Slimming,0,Yes,0.0,99.0,0.0,Slimming,Slimming
7,B00002-M,ExpreSculpt Deep Muscle Toning,SLIMMING,Body Toning,60,Yes,0.0,800.0,0.0,Slimming,Slimming
8,BD-AM-120,Aroma Warm Oil Body Massage 120mins,,,120,Yes,0.0,120.0,0.0,,
9,BD-AM-60,Aroma Warm Oil Body Massage,,,60,Yes,0.0,120.0,0.0,,
10,BD-AM-90,Aroma Warm Oil Body Massage 90mins,,,90,Yes,0.0,160.0,0.0,,
11,BD-GCRF,GlacialContour Non Surgical Fat Freeze,SLIMMING,Body Slimming,60,Yes,0.0,800.0,0.0,Slimming,Slimming
12,BD-HSP,Hand SPA,,,60,Yes,0.0,100.0,0.0,,
13,BD-SM-120,Stress Release Body Massage 120mins,,,120,Yes,0.0,200.0,0.0,,
14,BD-SM-60,Stress Release Body Massage 60mins,,,60,Yes,0.0,130.0,0.0,,
15,BD-SM-90,Stress Release Body Massage 90mins,,,90,Yes,0.0,170.0,0.0,,
16,Body Fat / Shape,Selective Part Body Fat/ Shape Treatment,SLIMMING,,0,Yes,0.0,800.0,0.0,,
17,Consultation,Wellness Consultation,,,0,Yes,0.0,0.0,0.0,,
18,E00003-PWP,Eye-Classi+B19:J20c Treatment (Dark Circles / Bags) with Machine,EYE TREATMENT,Eye Treatment,45,Yes,0.0,140.0,0.0,,Eye Treatment Commission
19,E00004-PWP,Eye-Classic Treatment (Fine Lines / Wrinkles) with machine,EYE TREATMENT,Eye Treatment,45,Yes,0.0,140.0,0.0,,Eye Treatment Commission
20,F00001,Classic Intensive Clarifying Facial Treatment,FACIAL,Face Treatment,60,Yes,0.0,280.0,0.0,,Facial
21,F00002,Classic Absolute Firming Facial Treatment,FACIAL,Face Treatment,60,Yes,0.0,380.0,0.0,,Facial
22,F00004,Classic Fair Skin Facial Treatment,FACIAL,Face Treatment,60,Yes,0.0,380.0,0.0,,Facial
23,F00005,Classic Vitamin Hydration Facial Treatment,FACIAL,Face Treatment,60,Yes,0.0,280.0,0.0,,Facial
24,F00006,Hydration & Immune Therapy – H I T,FACIAL,Face Treatment,60,Yes,0.0,280.0,0.0,,Facial
25,F00007,Classic Biovegetal Relaxing Facial Treatment,FACIAL,Face Treatment,60,Yes,0.0,380.0,0.0,,Facial
26,F00008-M,Skin Luxe Treatment – 3D Gold Caviar Peptide Firming with machine,FACIAL,Face Treatment,90,Yes,0.0,680.0,0.0,,Facial
27,F00009,Skin Luxe Treatment – Rose Rutin Peptide Brightening,FACIAL,Face Treatment,60,Yes,0.0,580.0,0.0,,Facial
28,F00010,Super Oxygen Skin Fitness Facial Treatment,FACIAL,Face Treatment,60,Yes,0.0,480.0,0.0,,Facial
29,F00011,Jubilation Skin Fitness Facial Treatment,FACIAL,Face Treatment,60,Yes,0.0,480.0,0.0,,Facial
30,F00013-PWP,Essential Post Care Treatment with machine,FACIAL,Face Treatment,60,Yes,0.0,100.0,0.0,,Facial
31,F00014-P,Picojoie Laser Treatment with essential post care ( Doucle Mask ),FACIAL,Laser Treatment,30,Yes,0.0,1300.0,0.0,,
32,FA-CAF,Classic Absolute Firming Facial Treatment with Machine,FACIAL,Face Treatment,90,Yes,0.0,380.0,0.0,,Facial
33,FA-CBR,Classic Biovegetal Relaxing Facial Treatment with Machine,FACIAL,Face Treatment,90,Yes,0.0,480.0,0.0,,Facial
34,FA-CFS,Classic Fair Skin Facial Treatment with Machine,FACIAL,Face Treatment,90,Yes,0.0,480.0,0.0,,Facial
35,FA-CIC,Classic Intensive Clarifying Facial Treatment With Machine,FACIAL,Face Treatment,90,Yes,0.0,380.0,0.0,,Facial
36,FA-CVH,Classic Vitamin Hydration Facial Treatment with Machine,FACIAL,Face Treatment,90,Yes,0.0,380.0,0.0,,Facial
37,FA-DSD,Deep Skin Detoxication with Tri- Machine,FACIAL,Face Treatment,30,Yes,0.0,180.0,0.0,,Facial
38,FA-EMF,Essential Manual Facial ,FACIAL,Face Treatment,60,Yes,0.0,180.0,0.0,,Facial
39,FA-EPC,Essential Post Care Treatment with machine,FACIAL,Face Treatment,60,Yes,0.0,280.0,0.0,,Facial
40,FA-HBF,Hydra-Brightening Facial,FACIAL,,60,Yes,0.0,180.0,0.0,,
41,FA-HIT,Hydration & Immune Therapy – H I T Treatment with Machine,FACIAL,Face Treatment,90,Yes,0.0,380.0,0.0,,Facial
42,FA-JSF,Jubilation Skin Fitness Facial Treatment with machine,FACIAL,Face Treatment,90,Yes,0.0,580.0,0.0,,Facial
43,FA-SLG,Skin Luxe Treatment – 3D Gold Caviar Peptide Firming,FACIAL,Face Treatment,60,Yes,0.0,580.0,0.0,,Facial
44,FA-SLR,Skin Luxe Treatment – Rose Rutin Peptide Brightening with machine,FACIAL,Face Treatment,90,Yes,0.0,680.0,0.0,,Facial
45,FA-SOS,Super Oxygen Skin Fitness Facial Treatment with machine,FACIAL,Face Treatment,90,Yes,0.0,580.0,0.0,,Facial
46,FE-ECT 1,Eye-Classic Treatment (Fine Lines / Wrinkles) with machine,FACIAL,Eye Treatment,45,Yes,0.0,280.0,0.0,,Eye Treatment Commission
47,FE-ECT 2,Eye-Classi+B19:J20c Treatment (Dark Circles / Bags) with Machine,FACIAL,Eye Treatment,45,Yes,0.0,280.0,0.0,,Eye Treatment Commission
48,FN-NCT,Neck-Classic Treatment,FACIAL,Face Treatment,45,Yes,0.0,198.0,0.0,,Facial
49,Laser Home Care,Past Picojoie Laser Home Care,Skin Care,,0,Yes,0.0,906.0,0.0,,
50,Picojoie Laser 10,Picojoie Laser Rejuvenation Treatment ,FACIAL,,90,Yes,0.0,490.0,0.0,,
51,Review Consultation ,Standard Screening & Review Consultation ,,,0,Yes,0.0,500.0,0.0,,
52,S00001,Danpeel / Psoriasis Treatment,,,0,Yes,0.0,480.0,0.0,,
53,S00002,Picojoie Laser Anti Blue Light Therapy,FACIAL,,30,Yes,0.0,0.0,0.0,,Facial
54,S00003,Accupunture,TCM,,30,Yes,0.0,180.0,0.0,,
55,S00005,Picojoie Laser,FACIAL,,0,Yes,0.0,188.0,0.0,,Slimming
56,S00006,COSMETIC SWISS FACIAL ,FACIAL,,0,Yes,188.0,188.0,0.0,,
57,S00007,Cosmetic Accupunture ,TCM,,0,Yes,188.0,188.0,0.0,,
58,S00008,BODYFIT ACCUPUNCTURE,TCM,,0,Yes,188.0,188.0,0.0,,
59,S00011,Unlimited Body Slimming Sessions,SLIMMING,Body Slimming,0,Yes,999.0,999.0,0.0,,
60,S00012,Slimming Treatment x 15  @1299 ,SLIMMING,,0,Yes,0.0,1299.0,0.0,,
61,S00013,DELUXE EYE CONTOUR TREATMENT,EYE TREATMENT,Eye Treatment,0,Yes,0.0,488.0,0.0,,
62,S00014,PREMIUM BODY DE-FAT MESO,EYE TREATMENT,,0,Yes,0.0,800.0,0.0,,
63,S00015,BACK CIAL,,,0,Yes,0.0,198.0,0.0,,
64,S00016,VITAMIN C DRIP,TCM,,0,Yes,0.0,150.0,0.0,,
65,S00017,MEDI AESTHETIC ( SNOW WHITE),SLIMMING,,0,Yes,800.0,800.0,0.0,,
66,S00018,MEDI AESTHETIC ( WHOLE BODY SLIMMING),SLIMMING,,0,Yes,800.0,800.0,0.0,,
67,S00019,MEDI AESTHETIC ( TARGETED BODY SLIMMING),SLIMMING,,0,Yes,700.0,700.0,0.0,,
68,S00020,MEDI AESTHETIS ( FACIAL REJUVENATION),FACIAL,,0,Yes,700.0,700.0,0.0,,
69,S00021,SLIMMING X 30,SLIMMING,,0,Yes,2100.0,2100.0,0.0,,
70,S00022,SLIMMING X45 ,SLIMMING,,0,Yes,2900.0,2900.0,0.0,,
71,S00023,CHRISMAS FLEXI PACKAGE,FLEXI BUDGET,,0,Yes,0.0,2800.0,0.0,,
72,S00027,CASH VOUCHER,,,0,Yes,300.0,300.0,0.0,,
73,S00028,FACIAL PACKAGES X3,FACIAL,,0,Yes,688.0,688.0,0.0,,
74,S00029,FACIAL PACKAGES X 6,FACIAL,,0,Yes,1288.0,1288.0,0.0,,
75,S00030,FACIAL PACKAGES X 8,FACIAL,,0,Yes,1688.0,1688.0,0.0,,
76,S00031,FLEXI PACKAGE ,FLEXI BUDGET,,0,Yes,0.0,2900.0,0.0,,
77,S00032,I-Oxypico ,1ST TRIAL,,0,Yes,198.0,198.0,0.0,,
78,S00033, FACIAL PKG X 3,FACIAL,,0,Yes,688.0,688.0,0.0,,
79,S00035,Package A -  Comprehensive Blood Test,,,0,Yes,0.0,348.5,0.0,,
80,S00037,1st TRIAL Stem Cell Growth Factor Elixir NP RM 3800,1ST TRIAL,,60,Yes,2800.0,2800.0,0.0,,
81,S00041,SLIMMING (TCM),TCM,,60,Yes,188.0,188.0,0.0,,
82,S00042,Hormonal Inbalance ( TCM),TCM,,90,Yes,188.0,188.0,0.0,,
83,S00043,Bring Back Your Honeymoon Moments ( TCM),TCM,,60,Yes,188.0,188.0,0.0,,
84,S00044,Facial + Guasa+ Bo Jin,TCM + FACIAL,,1,Yes,188.0,188.0,0.0,,
85,S00045,THERAPEUTIC WELLNESS FACIAL ,1ST TRIAL,,0,Yes,0.0,328.0,0.0,,
86,S00046,CLASSIC WELLNESS FACIAL,1ST TRIAL,,60,Yes,0.0,198.0,0.0,,
87,S00047,1ST TRIAL THERAPEUTIC EYE TREATMENT ,1ST TRIAL,Eye Treatment,60,Yes,0.0,198.0,0.0,,
88,S00048,DEPOSIT,,,0,Yes,0.0,0.0,0.0,,
89,S00049,STRESS AWAY FACIAL ,1ST TRIAL,,60,Yes,99.0,99.0,0.0,,
90,S00050,HORMONAL INBALANCE,TCM,,90,Yes,99.0,99.0,0.0,,
91,S00051,1ST STEAM CELL GF ,1ST TRIAL,,0,Yes,0.0,2800.0,0.0,,
92,S00052,BODY GUASA,TCM,,60,Yes,100.0,100.0,0.0,,
93,S00053,HIFU 1ST TRIAL,1ST TRIAL,,0,Yes,199.0,199.0,0.0,,
94,S00054,1st TRIAL SLIMMING,1ST TRIAL,,60,Yes,0.0,99.0,0.0,,
95,S00055,NEW SLIMMING PACKAGE (A) X 3 + 1,SLIMMING,,100,Yes,0.0,3988.0,0.0,,
96,S00056,NEW SLIMMING PACKAGE (B) 6+2,SLIMMING,,0,Yes,0.0,7200.0,0.0,,
97,S00057,NEW SLIMMING PACKAGE (C) 8+4,SLIMMING,,0,Yes,0.0,9600.0,0.0,,
98,S00058,Eye Treatment  ( THERAPAUTIC),EYE TREATMENT,,0,Yes,0.0,0.0,0.0,,
99,S00059,PDT Light Treatment,,,0,Yes,0.0,0.0,0.0,,
100,S00060,DOC2SKIN 1st TRIAL PROMO,,,0,Yes,100.0,100.0,0.0,,
101,S00061,BEAUBELLE FACIAL GUASA,FACIAL,Face Treatment,20,Yes,88.0,88.0,0.0,,
102,S00062,HIFU ,,Face Treatment,0,Yes,1500.0,1500.0,0.0,,
103,S00063,THERAPAUTIC FACIAL + HIFU (CNY/Valentine’s PROMO),FACIAL,,0,Yes,488.0,488.0,0.0,,
104,S00067,EMPulseX (EMS),SLIMMING,Body Slimming,20,Yes,600.0,600.0,0.0,,
105,S00068,Stem Cell GF+ (Staff) ,STEM CELL GF+,Face Treatment,0,Yes,600.0,900.0,0.0,,
106,S00071,OXY - PICO ,,,0,Yes,168.0,168.0,0.0,,
107,S00072,STEM CELL GF+,,,0,Yes,3800.0,3800.0,0.0,,
108,S00073,CLASSIC FACIAL DETOXIFICATION (FACIAL) ,FACIAL,,0,Yes,180.0,180.0,0.0,,
109,S00076,THERAPAUTIC WELLNESS,FACIAL,,0,Yes,0.0,0.0,0.0,,
110,S00077,LIPO LASER SCULPT,SLIMMING,,15,Yes,0.0,0.0,0.0,,
111,S00078,EMPULSEX,SLIMMING,,20,Yes,0.0,0.0,0.0,,
112,S00079,ULTRA SCULLY WAVE,SLIMMING,,15,Yes,0.0,0.0,0.0,,
113,S00080,VACUSCULPT PRO,SLIMMING,,15,Yes,0.0,0.0,0.0,,
114,S00081,BODY FIRM SCULPT TREATMENT,SLIMMING,,15,Yes,0.0,0.0,0.0,,
115,S00082,SLIMMING PACKAGES B ,SLIMMING,,0,Yes,3988.0,3988.0,0.0,,
116,S00083,HIFU,FACIAL,,0,Yes,0.0,0.0,0.0,,
117,S00084,CLASSIC WELLNESS FACIAL + HIFU,FACIAL,,0,Yes,288.0,288.0,0.0,,
118,S00085,SHOULDER MASSAGE,,,20,Yes,58.0,58.0,0.0,,
119,S00086,EYEBROW RESHAPING,,,0,Yes,28.0,28.0,0.0,,
120,S00087,PRE MATTURE AGEING ,FACIAL,,0,Yes,0.0,680.0,0.0,,
121,S00088,MOTHER'S DAY PROMO,FACIAL,,0,Yes,288.0,288.0,0.0,,
122,S00089,PARENTS DAY PROMO ,,,0,Yes,288.0,288.0,0.0,,
123,S00090,CLASSIC / NATURAL EYELASHES,EYELASH EXTENSION,EYELASH EXTENSION,75,Yes,138.0,138.0,0.0,,
124,S00091,Hybrid / Medium Eyelashes,EYELASH EXTENSION,EYELASH EXTENSION,75,Yes,198.0,198.0,0.0,,
125,S00092,Whispy Eyelashes,EYELASH EXTENSION,EYELASH EXTENSION,75,Yes,228.0,228.0,0.0,,
126,S00093,Volume Eyelashes ,EYELASH EXTENSION,EYELASH EXTENSION,75,Yes,268.0,268.0,0.0,,
127,S00094,HEAD & SHOULDER MASSAGE ,BODY CARE,BODY TREATMENT,20,Yes,108.0,108.0,0.0,,
128,S00095,EYELASH REMOVAL,EYELASH EXTENSION,EYELASH EXTENSION,0,Yes,20.0,20.0,0.0,,
129,S00096,EYELASH TOUCH UP ,EYELASH EXTENSION,EYELASH EXTENSION,0,Yes,80.0,80.0,0.0,,
130,S00097,EYELASH PERMING / KERATIN EYELASH,EYELASH EXTENSION,EYELASH EXTENSION,0,Yes,98.0,98.0,0.0,,
131,S00098,SKIN TAG REMOVAL,SKIN TAG REMOVAL,SKIN TAG REMOVAL,0,Yes,20.0,20.0,0.0,,
132,S00099,Campaign Promo 1 pax,BODY CARE,,0,Yes,129.0,129.0,0.0,,
133,S00100,Campaign Promo 2 pax,BODY CARE,BODY CARE,0,Yes,198.0,198.0,0.0,,
134,S00101,Machine/ Oxy Spray ( Add on),,,0,Yes,0.0,0.0,0.0,,
135,S00102,HIFU FACE LIFTING & CONTOURING -FIRST TRAIL ,,,60,Yes,199.0,199.0,0.0,,
136,S00103,HIFU NECK LIFT & TUCK - FIRST TRIAL,,,30,Yes,199.0,199.0,0.0,,
137,S00104,HIFU FACE & NECK LIFT - FIRST TRAIL ,1ST TRIAL,,90,Yes,298.0,298.0,0.0,,
138,S00105,DPL BB FACE REJUVENATION ,,,60,Yes,688.0,688.0,0.0,,
139,S00106,DPL BB FACE REJUVENATION -FIRST TRIAL ,1ST TRIAL,,60,Yes,199.0,199.0,0.0,,
140,S00107,DPL BB NECK REJUVENATION -FIRST TRIAL ,1ST TRIAL,,30,Yes,199.0,199.0,0.0,,
141,S00108,DPL BB NECK REJUVENATION ,,,0,Yes,420.0,420.0,0.0,,
142,S00109,DPL BB FACE & NECK REJUVENATION -FIRST TRIAL,1ST TRIAL,,0,Yes,298.0,298.0,0.0,,
143,S00110,DPL BB FACE & NECK REJUVENATION,,,0,Yes,1100.0,1100.0,0.0,,
144,S00111,HIFU FACE LIFTING & CONTOURING,,,0,Yes,788.0,788.0,0.0,,
145,S00112,HIFU NECK LIFT & TUCK ,,,30,Yes,488.0,488.0,0.0,,
146,S00113,HIFU FACE & NECK LIFT,,,90,Yes,1200.0,1200.0,0.0,,
147,S00114,CO2 LASER FACE -FIRST TRAIL ,1ST TRIAL,,60,Yes,298.0,298.0,0.0,,
148,S00115,CO2 LASER FACE ,,,60,Yes,988.0,988.0,0.0,,
149,S00116,DPL SHRS BIKINI -FIRST TRAIL ,1ST TRIAL,,30,Yes,198.0,198.0,0.0,,
150,S00117,DPL SHRS BIKINI ,,,30,Yes,328.0,328.0,0.0,,
151,S00118,DPL SHRS LIPS -FIRST TRAIL ,1ST TRIAL,,30,Yes,99.0,99.0,0.0,,
152,S00119,DPL SHRS LIPS ,,,30,Yes,198.0,198.0,0.0,,
153,S00120,DPL SHRS ARMPITS -FIRST TRAIL ,1ST TRIAL,,30,Yes,129.0,129.0,0.0,,
154,S00121,DPL SHR ARMPITS,,,30,Yes,238.0,238.0,0.0,,
155,S00122,DPL SHR HANDS -FIRST TRAIL ,1ST TRIAL,,60,Yes,198.0,198.0,0.0,,
156,S00123,DPL SHR HANDS ,,,60,Yes,278.0,278.0,0.0,,
157,S00124,DPL SHR LEGS -FIRST TRAIL ,1ST TRIAL,,60,Yes,198.0,198.0,0.0,,
158,S00125,DPL SHR LEGS ,,,60,Yes,378.0,378.0,0.0,,
159,S00126,DPL SHR BRAZILIAN -FIRST TRAIL,1ST TRIAL,,30,Yes,198.0,198.0,0.0,,
160,S00127,CO2 STRETCHEND MARKS RESUR FACE  - FIRST TRIAL ,1ST TRIAL,,60,Yes,688.0,688.0,0.0,,
161,S00128,CO2 STRETCHEND MARKS RESUR FACE ,,,60,Yes,1388.0,1388.0,0.0,,
162,S00129,DPL SHR BRAZILIAN ,,,30,Yes,368.0,368.0,0.0,,
163,S00130,EYE BROWN SHAPPING ,,,0,Yes,0.0,0.0,0.0,,
164,S00131,SLIMMING X 20,BODY CARE,Body Slimming,0,Yes,4098.0,4098.0,0.0,Slimming,Slimming
165,S00132,F-LIFT TOLL,,,0,Yes,0.0,0.0,0.0,,
166,S00133,AMETHYST GUASHA,,,0,Yes,0.0,0.0,0.0,,
167,S00134,HARMONY GUASHA FIRST TRIAL,,,0,Yes,199.0,199.0,0.0,,
168,S00135,HARMONIE DELUXE ,FACIAL,,0,Yes,188.0,188.0,0.0,,
169,S00136,"EYE BAGS,DARK CIRCLE,FINE LINES/WRINKLES (CLASSIC)",,,0,Yes,180.0,180.0,0.0,,
170,S00137,CLASSIC EYE TREATMENT,,Ear Treatment,0,Yes,180.0,180.0,0.0,,
171,S00138,GLOW WITH PRIDE PROMO,FLEXI BUDGET,,0,Yes,3100.0,3100.0,0.0,,
172,S00139,Harmonie de Luxe Facial,FACIAL,,0,Yes,188.0,188.0,0.0,,
173,S00140,INSTANT FACELIFT,FACIAL,,0,Yes,68.0,68.0,0.0,,
174,S00141,UPPER LIP,,,0,Yes,0.0,0.0,0.0,,
175,S00142,Lip Pico laser Treatment,,,0,Yes,250.0,250.0,0.0,,
176,S00143,PICO LASER LIPS,1ST TRIAL,,0,Yes,57.0,57.0,0.0,,
177,S00144,TOP UP ,FLEXI BUDGET,,0,Yes,0.0,0.0,0.0,,
178,S00145,HALTH TREATMEAT,,,0,Yes,68.0,68.0,0.0,,
179,S00147,Joyful Glow Oxygen,1ST TRIAL,,0,Yes,198.0,198.0,0.0,,
180,S00148,Joy Activation ,,,0,Yes,0.0,3.0,0.0,,
181,TB00004,BODY SLIMMING ACUPUNCTURE ( PARTLY ),TCM,BODY TREATMENT,60,Yes,0.0,180.0,0.0,,Slimming
182,TB00005,HORMONAL DISORDER ACUPUNTURE,TCM,BODY TREATMENT,45,Yes,0.0,180.0,0.0,,Slimming
183,TB00006,TOXIC BLOOD DETOXIFICATION,TCM,BODY TREATMENT,60,Yes,0.0,300.0,0.0,,Slimming
184,TB00007,BODY SLIMMING CUPPING,TCM,BODY TREATMENT,40,Yes,0.0,150.0,0.0,,Slimming
185,TB00008,WELLNESS CUPPING,TCM,BODY TREATMENT,20,Yes,0.0,80.0,0.0,,Slimming
186,TB00009,"SOOTHING QI, BLOOD & MUSCLE CUPPING",TCM,BODY TREATMENT,30,Yes,0.0,220.0,0.0,,Slimming
187,TB00012,BODY VITALITY GUA SHA,TCM,BODY TREATMENT,30,Yes,0.0,200.0,0.0,,Slimming
188,TB00013,PAIN RELIEF MERIDIAN,TCM,BODY TREATMENT,90,Yes,0.0,350.0,0.0,,Slimming
189,TB00014,FIRE THERAPY MERIDAIN,TCM,BODY TREATMENT,60,Yes,0.0,280.0,0.0,,Slimming
190,TB00015,EAR MOXIBUSTION & EAR CANDLING,TCM,Ear Treatment,90,Yes,0.0,280.0,0.0,,
191,TCM,Acupuncture Treatment ,TCM,,0,Yes,0.0,180.0,0.0,,
192,TE00002,EYE WASH,TCM,Eye Treatment,30,Yes,0.0,100.0,0.0,,Eye Treatment Commission
193,TF00003,FACE SLIMMING ACUPUNTURE,TCM,Face Treatment,60,Yes,0.0,250.0,0.0,,Facial
194,TF00010,FACE LIFT GUA SHA,TCM,Face Treatment,30,Yes,0.0,150.0,0.0,,Facial
195,TF00011,"FACIAL ACUPRESSURE POINTS , GUA SHA ON MERIDIAN POINT",TCM,Face Treatment,30,Yes,0.0,250.0,0.0,,Facial
196,TMB00016,DDS ELECTRO EXTREME PAIN RELIEF,TCM,BODY TREATMENT,60,Yes,0.0,200.0,0.0,,Slimming
197,TMB00017,TCM ELECTRO BALANCE HORMONES,TCM,BODY TREATMENT,45,Yes,0.0,180.0,0.0,,Slimming
198,TMB00018,TCM ELECTRO MILD PAIN RELIEF,TCM,BODY TREATMENT,30,Yes,0.0,100.0,0.0,,Slimming
199,TP00001,PULSE READING,TCM,Medicare,0,Yes,0.0,50.0,0.0,,
200,Wellness,Wellness Insulin Enhancement Compounded Nutrients,,,0,Yes,0.0,2220.0,0.0,,
201,WS-PC 1,Screening and Consultations,,,0,Yes,0.0,1880.0,0.0,,
